{
  "accuracy": 0.9996239187664535,
  "precision": 0.9980106100795756,
  "recall": 1.0,
  "f1": 0.9990043146365748,
  "roc_auc": 0.9999996920031703,
  "pr_auc": 0.9999986781462323,
  "p_auc": 0.9999983789640543,
  "log_loss": 0.004845878266451297,
  "eer": 0.0004635352286773795,
  "threshold": 0.313720703125,
  "confusion_matrix": [
    [
      6469,
      3
    ],
    [
      0,
      1505
    ]
  ],
  "accuracy_at_05": 0.9997492791776357,
  "f1_at_05": 0.9993355481727575,
  "balanced_accuracy": 0.9997682323856614
}